id,target
0,27
1,27
2,6
3,27
4,27
5,27
6,27
7,27
8,27
9,15
10,27
11,27
12,27
13,10
14,27
15,27
16,1
17,3
18,11
19,1
20,1
21,15
22,4
23,27
24,1
25,5
26,17
27,27
28,1
29,18
30,27
31,15
32,7
33,27
34,15
35,6
36,27
37,13
38,25
39,15
40,4
41,27
42,18
43,4
44,27
45,27
46,15
47,27
48,27
49,27
50,27
51,27
52,9
53,27
54,6
55,27
56,7
57,27
58,27
59,27
60,27
61,27
62,27
63,3
64,27
65,27
66,27
67,9
68,17
69,27
70,27
71,27
72,0
73,27
74,27
75,8
76,27
77,27
78,27
79,27
80,10
81,1
82,25
83,27
84,27
85,4
86,4
87,27
88,9
89,4
90,27
91,5
92,2
93,27
94,25
95,4
96,27
97,1
98,27
99,1
100,27
101,27
102,1
103,10
104,11
105,27
106,4
107,10
108,27
109,27
110,1
111,25
112,4
113,27
114,27
115,1
116,27
117,27
118,10
119,27
120,0
121,27
122,7
123,1
124,10
125,27
126,27
127,27
128,0
129,1
130,15
131,14
132,27
133,17
134,27
135,27
136,27
137,15
138,27
139,27
140,27
141,14
142,7
143,20
144,17
145,27
146,27
147,27
148,27
149,4
150,27
151,6
152,26
153,3
154,27
155,3
156,11
157,3
158,7
159,27
160,7
161,27
162,14
163,27
164,27
165,26
166,25
167,27
168,27
169,20
170,27
171,27
172,17
173,3
174,27
175,0
176,15
177,25
178,1
179,27
180,10
181,27
182,3
183,26
184,27
185,27
186,27
187,11
188,27
189,3
190,17
191,4
192,0
193,18
194,4
195,27
196,27
197,25
198,27
199,27
200,26
201,9
202,27
203,27
204,3
205,0
206,22
207,27
208,22
209,27
210,27
211,25
212,4
213,27
214,27
215,15
216,3
217,27
218,27
219,27
220,27
221,0
222,27
223,27
224,27
225,6
226,12
227,15
228,20
229,27
230,3
231,10
232,27
233,0
234,1
235,27
236,17
237,7
238,27
239,1
240,15
241,15
242,27
243,27
244,0
245,27
246,1
247,27
248,25
249,27
250,27
251,27
252,1
253,15
254,27
255,27
256,1
257,13
258,27
259,27
260,27
261,27
262,0
263,27
264,27
265,27
266,27
267,27
268,14
269,10
270,25
271,27
272,27
273,0
274,27
275,27
276,17
277,15
278,15
279,27
280,8
281,15
282,0
283,27
284,0
285,15
286,13
287,20
288,27
289,3
290,1
291,18
292,17
293,25
294,27
295,18
296,27
297,25
298,27
299,27
300,3
301,27
302,27
303,4
304,27
305,8
306,27
307,10
308,27
309,27
310,4
311,15
312,27
313,0
314,24
315,27
316,4
317,27
318,27
319,27
320,4
321,27
322,10
323,27
324,27
325,15
326,14
327,18
328,27
329,14
330,27
331,7
332,2
333,27
334,27
335,27
336,1
337,27
338,1
339,27
340,4
341,27
342,27
343,27
344,27
345,4
346,27
347,27
348,10
349,27
350,27
351,27
352,7
353,15
354,15
355,27
356,27
357,6
358,7
359,13
360,4
361,27
362,7
363,0
364,27
365,27
366,27
367,17
368,27
369,27
370,7
371,27
372,0
373,27
374,18
375,11
376,27
377,27
378,27
379,26
380,27
381,15
382,15
383,27
384,27
385,27
386,7
387,15
388,0
389,0
390,27
391,1
392,10
393,27
394,18
395,15
396,27
397,27
398,27
399,9
400,26
401,26
402,0
403,27
404,27
405,27
406,27
407,0
408,17
409,0
410,27
411,15
412,2
413,5
414,27
415,27
416,0
417,3
418,0
419,0
420,27
421,27
422,27
423,27
424,0
425,1
426,20
427,27
428,1
429,3
430,10
431,20
432,27
433,27
434,27
435,27
436,13
437,0
438,27
439,25
440,27
441,18
442,27
443,27
444,27
445,27
446,0
447,17
448,27
449,27
450,15
451,27
452,0
453,27
454,15
455,26
456,27
457,0
458,0
459,4
460,27
461,27
462,15
463,27
464,4
465,27
466,27
467,27
468,27
469,4
470,25
471,4
472,7
473,25
474,27
475,27
476,15
477,27
478,13
479,5
480,6
481,27
482,27
483,27
484,15
485,27
486,1
487,9
488,27
489,27
490,2
491,12
492,0
493,27
494,27
495,0
496,27
497,27
498,27
499,27
500,17
501,15
502,27
503,27
504,27
505,27
506,15
507,22
508,27
509,15
510,0
511,15
512,27
513,20
514,27
515,0
516,0
517,10
518,7
519,27
520,27
521,15
522,27
523,27
524,27
525,3
526,0
527,27
528,27
529,27
530,18
531,27
532,7
533,6
534,27
535,27
536,7
537,10
538,2
539,15
540,1
541,0
542,0
543,0
544,4
545,27
546,27
547,27
548,27
549,11
550,20
551,27
552,27
553,10
554,0
555,10
556,27
557,27
558,27
559,9
560,10
561,7
562,27
563,27
564,27
565,0
566,26
567,27
568,27
569,10
570,18
571,18
572,27
573,27
574,27
575,27
576,27
577,27
578,27
579,15
580,27
581,15
582,27
583,27
584,25
585,0
586,27
587,18
588,27
589,27
590,27
591,27
592,6
593,27
594,27
595,27
596,27
597,27
598,5
599,27
600,27
601,7
602,27
603,27
604,27
605,27
606,27
607,0
608,27
609,27
610,27
611,7
612,27
613,20
614,26
615,27
616,27
617,15
618,22
619,27
620,27
621,15
622,11
623,27
624,17
625,27
626,20
627,27
628,27
629,24
630,27
631,0
632,25
633,27
634,27
635,27
636,8
637,4
638,25
639,27
640,20
641,0
642,7
643,27
644,18
645,27
646,27
647,4
648,27
649,27
650,18
651,27
652,27
653,27
654,1
655,15
656,8
657,27
658,1
659,13
660,4
661,10
662,3
663,0
664,25
665,27
666,27
667,27
668,27
669,22
670,27
671,27
672,18
673,27
674,27
675,27
676,4
677,27
678,0
679,27
680,27
681,27
682,27
683,4
684,27
685,11
686,0
687,4
688,27
689,27
690,27
691,27
692,4
693,22
694,4
695,27
696,6
697,4
698,27
699,0
700,27
701,10
702,6
703,15
704,27
705,27
706,27
707,26
708,2
709,20
710,18
711,27
712,27
713,6
714,26
715,27
716,0
717,27
718,27
719,27
720,27
721,27
722,18
723,4
724,0
725,27
726,18
727,17
728,3
729,6
730,27
731,0
732,27
733,8
734,27
735,27
736,0
737,27
738,6
739,27
740,27
741,27
742,2
743,3
744,27
745,27
746,18
747,15
748,27
749,27
750,27
751,27
752,27
753,27
754,27
755,27
756,9
757,27
758,27
759,6
760,27
761,27
762,27
763,0
764,27
765,27
766,0
767,27
768,27
769,2
770,1
771,27
772,7
773,27
774,17
775,27
776,25
777,4
778,4
779,24
780,25
781,27
782,25
783,4
784,27
785,27
786,27
787,27
788,27
789,27
790,7
791,0
792,27
793,27
794,27
795,27
796,27
797,0
798,27
799,27
800,27
801,27
802,8
803,27
804,27
805,14
806,6
807,4
808,27
809,27
810,2
811,27
812,27
813,27
814,2
815,27
816,27
817,4
818,27
819,27
820,10
821,27
822,3
823,27
824,15
825,10
826,27
827,27
828,3
829,0
830,14
831,0
832,27
833,10
834,27
835,27
836,25
837,27
838,7
839,27
840,27
841,10
842,27
843,27
844,20
845,15
846,15
847,2
848,27
849,27
850,27
851,15
852,14
853,8
854,27
855,20
856,27
857,27
858,27
859,27
860,22
861,0
862,6
863,27
864,27
865,27
866,1
867,0
868,27
869,27
870,15
871,3
872,27
873,20
874,27
875,27
876,0
877,27
878,27
879,24
880,27
881,27
882,27
883,20
884,27
885,2
886,26
887,20
888,27
889,27
890,27
891,27
892,9
893,15
894,0
895,27
896,27
897,27
898,3
899,27
900,4
901,24
902,25
903,27
904,27
905,24
906,27
907,27
908,2
909,27
910,27
911,27
912,3
913,27
914,15
915,27
916,27
917,10
918,27
919,3
920,1
921,6
922,22
923,27
924,27
925,0
926,27
927,1
928,1
929,27
930,27
931,27
932,3
933,3
934,27
935,1
936,27
937,15
938,27
939,27
940,27
941,15
942,24
943,17
944,27
945,27
946,27
947,3
948,26
949,27
950,24
951,4
952,23
953,27
954,15
955,4
956,5
957,27
958,27
959,27
960,27
961,27
962,0
963,27
964,27
965,27
966,27
967,26
968,7
969,27
970,27
971,9
972,27
973,15
974,27
975,4
976,1
977,27
978,27
979,27
980,5
981,25
982,1
983,27
984,27
985,27
986,3
987,27
988,27
989,0
990,27
991,0
992,18
993,27
994,0
995,4
996,15
997,27
998,22
999,27
1000,10
1001,27
1002,25
1003,27
1004,8
1005,27
1006,27
1007,27
1008,25
1009,27
1010,10
1011,27
1012,27
1013,27
1014,7
1015,27
1016,15
1017,0
1018,15
1019,27
1020,27
1021,17
1022,0
1023,4
1024,25
1025,27
1026,27
1027,27
1028,27
1029,1
1030,27
1031,27
1032,3
1033,0
1034,27
1035,27
1036,27
1037,8
1038,25
1039,7
1040,27
1041,26
1042,10
1043,1
1044,4
1045,7
1046,27
1047,14
1048,27
1049,18
1050,22
1051,1
1052,27
1053,5
1054,27
1055,27
1056,0
1057,27
1058,18
1059,0
1060,3
1061,27
1062,27
1063,27
1064,15
1065,27
1066,7
1067,14
1068,27
1069,27
1070,27
1071,11
1072,27
1073,27
1074,27
1075,27
1076,27
1077,5
1078,15
1079,27
1080,27
1081,3
1082,27
1083,4
1084,6
1085,27
1086,27
1087,18
1088,27
1089,27
1090,27
1091,0
1092,27
1093,1
1094,3
1095,27
1096,27
1097,11
1098,27
1099,27
1100,27
1101,0
1102,27
1103,27
1104,17
1105,1
1106,3
1107,27
1108,11
1109,13
1110,3
1111,27
1112,6
1113,27
1114,10
1115,27
1116,27
1117,3
1118,27
1119,1
1120,15
1121,18
1122,18
1123,25
1124,15
1125,27
1126,27
1127,27
1128,27
1129,27
1130,1
1131,18
1132,18
1133,27
1134,27
1135,27
1136,27
1137,27
1138,4
1139,0
1140,27
1141,1
1142,2
1143,27
1144,0
1145,3
1146,0
1147,27
1148,19
1149,20
1150,27
1151,27
1152,27
1153,18
1154,27
1155,27
1156,12
1157,4
1158,25
1159,4
1160,27
1161,22
1162,26
1163,27
1164,27
1165,27
1166,18
1167,15
1168,18
1169,3
1170,27
1171,1
1172,27
1173,27
1174,15
1175,27
1176,27
1177,27
1178,27
1179,0
1180,27
1181,27
1182,27
1183,0
1184,27
1185,4
1186,27
1187,27
1188,0
1189,27
1190,27
1191,27
1192,17
1193,15
1194,4
1195,26
1196,27
1197,27
1198,27
1199,27
1200,10
1201,27
1202,22
1203,22
1204,27
1205,27
1206,14
1207,27
1208,27
1209,4
1210,15
1211,27
1212,27
1213,27
1214,27
1215,27
1216,11
1217,27
1218,27
1219,18
1220,0
1221,4
1222,27
1223,4
1224,11
1225,0
1226,27
1227,2
1228,27
1229,27
1230,27
1231,4
1232,27
1233,27
1234,20
1235,27
1236,25
1237,27
1238,0
1239,27
1240,27
1241,25
1242,15
1243,3
1244,27
1245,10
1246,1
1247,27
1248,20
1249,4
1250,3
1251,6
1252,27
1253,27
1254,3
1255,4
1256,0
1257,27
1258,3
1259,0
1260,15
1261,27
1262,15
1263,27
1264,27
1265,24
1266,27
1267,4
1268,4
1269,27
1270,18
1271,27
1272,27
1273,0
1274,4
1275,4
1276,27
1277,17
1278,27
1279,12
1280,27
1281,27
1282,27
1283,0
1284,1
1285,27
1286,27
1287,27
1288,27
1289,3
1290,1
1291,27
1292,27
1293,1
1294,3
1295,1
1296,0
1297,1
1298,27
1299,17
1300,22
1301,27
1302,15
1303,27
1304,27
1305,25
1306,27
1307,4
1308,27
1309,27
1310,5
1311,6
1312,0
1313,22
1314,3
1315,4
1316,1
1317,1
1318,27
1319,2
1320,10
1321,10
1322,17
1323,27
1324,1
1325,27
1326,27
1327,27
1328,27
1329,15
1330,4
1331,27
1332,3
1333,15
1334,0
1335,0
1336,27
1337,27
1338,18
1339,27
1340,15
1341,26
1342,18
1343,27
1344,27
1345,1
1346,2
1347,13
1348,27
1349,5
1350,27
1351,27
1352,27
1353,6
1354,20
1355,27
1356,4
1357,27
1358,27
1359,27
1360,27
1361,3
1362,27
1363,15
1364,27
1365,27
1366,15
1367,27
1368,10
1369,27
1370,18
1371,27
1372,15
1373,27
1374,27
1375,27
1376,27
1377,10
1378,11
1379,27
1380,8
1381,27
1382,1
1383,4
1384,4
1385,27
1386,5
1387,12
1388,19
1389,8
1390,27
1391,13
1392,27
1393,6
1394,27
1395,1
1396,5
1397,27
1398,10
1399,27
1400,27
1401,0
1402,0
1403,27
1404,27
1405,15
1406,27
1407,10
1408,27
1409,4
1410,27
1411,10
1412,27
1413,1
1414,27
1415,2
1416,15
1417,27
1418,27
1419,27
1420,17
1421,4
1422,3
1423,27
1424,2
1425,8
1426,27
1427,27
1428,27
1429,9
1430,27
1431,0
1432,4
1433,26
1434,27
1435,18
1436,27
1437,15
1438,1
1439,1
1440,27
1441,27
1442,27
1443,27
1444,27
1445,27
1446,27
1447,27
1448,4
1449,4
1450,27
1451,15
1452,27
1453,23
1454,15
1455,12
1456,27
1457,27
1458,27
1459,2
1460,7
1461,27
1462,27
1463,7
1464,27
1465,2
1466,27
1467,27
1468,27
1469,5
1470,27
1471,27
1472,27
1473,3
1474,27
1475,0
1476,0
1477,27
1478,0
1479,27
1480,27
1481,27
1482,18
1483,15
1484,27
1485,27
1486,25
1487,27
1488,18
1489,27
1490,18
1491,4
1492,4
1493,1
1494,18
1495,27
1496,27
1497,27
1498,27
1499,7
1500,1
1501,27
1502,27
1503,0
1504,27
1505,0
1506,0
1507,27
1508,27
1509,3
1510,18
1511,0
1512,27
1513,0
1514,0
1515,22
1516,4
1517,3
1518,0
1519,27
1520,7
1521,4
1522,18
1523,27
1524,27
1525,12
1526,27
1527,27
1528,27
1529,27
1530,10
1531,7
1532,27
1533,27
1534,27
1535,15
1536,10
1537,27
1538,10
1539,27
1540,27
1541,27
1542,17
1543,1
1544,0
1545,27
1546,27
1547,27
1548,0
1549,27
1550,27
1551,27
1552,17
1553,27
1554,27
1555,27
1556,4
1557,6
1558,27
1559,6
1560,12
1561,27
1562,27
1563,4
1564,15
1565,27
1566,27
1567,15
1568,15
1569,3
1570,0
1571,27
1572,11
1573,27
1574,27
1575,27
1576,27
1577,27
1578,15
1579,27
1580,27
1581,27
1582,27
1583,3
1584,8
1585,9
1586,27
1587,18
1588,20
1589,27
1590,3
1591,3
1592,11
1593,24
1594,20
1595,27
1596,15
1597,15
1598,27
1599,27
1600,27
1601,27
1602,26
1603,6
1604,18
1605,1
1606,15
1607,3
1608,7
1609,6
1610,27
1611,25
1612,27
1613,11
1614,0
1615,27
1616,27
1617,27
1618,3
1619,15
1620,27
1621,1
1622,27
1623,27
1624,27
1625,15
1626,4
1627,27
1628,3
1629,10
1630,27
1631,27
1632,18
1633,27
1634,27
1635,27
1636,27
1637,27
1638,27
1639,27
1640,20
1641,14
1642,27
1643,27
1644,27
1645,27
1646,27
1647,0
1648,0
1649,1
1650,14
1651,27
1652,4
1653,27
1654,0
1655,1
1656,1
1657,15
1658,27
1659,7
1660,27
1661,27
1662,26
1663,4
1664,27
1665,22
1666,27
1667,7
1668,4
1669,27
1670,26
1671,1
1672,4
1673,27
1674,10
1675,3
1676,2
1677,1
1678,25
1679,1
1680,27
1681,27
1682,1
1683,27
1684,1
1685,0
1686,0
1687,2
1688,27
1689,25
1690,27
1691,27
1692,27
1693,18
1694,0
1695,25
1696,13
1697,27
1698,27
1699,4
1700,27
1701,3
1702,27
1703,13
1704,8
1705,27
1706,2
1707,8
1708,27
1709,27
1710,27
1711,20
1712,7
1713,17
1714,27
1715,13
1716,27
1717,27
1718,27
1719,18
1720,27
1721,4
1722,4
1723,17
1724,27
1725,0
1726,27
1727,7
1728,27
1729,27
1730,27
1731,27
1732,4
1733,27
1734,27
1735,27
1736,27
1737,27
1738,27
1739,4
1740,2
1741,0
1742,15
1743,27
1744,27
1745,27
1746,27
1747,15
1748,1
1749,27
1750,17
1751,27
1752,10
1753,27
1754,4
1755,18
1756,4
1757,27
1758,0
1759,18
1760,27
1761,27
1762,0
1763,22
1764,15
1765,1
1766,27
1767,27
1768,7
1769,27
1770,27
1771,27
1772,15
1773,20
1774,27
1775,27
1776,27
1777,7
1778,3
1779,27
1780,27
1781,15
1782,10
1783,26
1784,27
1785,13
1786,17
1787,27
1788,27
1789,11
1790,27
1791,14
1792,15
1793,27
1794,3
1795,3
1796,6
1797,18
1798,22
1799,13
1800,2
1801,14
1802,0
1803,27
1804,27
1805,27
1806,26
1807,27
1808,15
1809,27
1810,8
1811,27
1812,27
1813,27
1814,27
1815,27
1816,27
1817,27
1818,27
1819,26
1820,18
1821,10
1822,18
1823,1
1824,1
1825,27
1826,7
1827,27
1828,27
1829,27
1830,27
1831,27
1832,27
1833,27
1834,27
1835,15
1836,17
1837,27
1838,27
1839,6
1840,27
1841,7
1842,5
1843,15
1844,15
1845,27
1846,27
1847,2
1848,27
1849,15
1850,27
1851,27
1852,27
1853,27
1854,4
1855,26
1856,17
1857,27
1858,27
1859,4
1860,27
1861,27
1862,4
1863,27
1864,4
1865,27
1866,10
1867,0
1868,27
1869,7
1870,14
1871,27
1872,27
1873,27
1874,27
1875,27
1876,27
1877,0
1878,27
1879,15
1880,27
1881,26
1882,5
1883,0
1884,27
1885,27
1886,27
1887,3
1888,14
1889,3
1890,20
1891,27
1892,18
1893,0
1894,18
1895,18
1896,27
1897,27
1898,20
1899,27
1900,27
1901,22
1902,1
1903,22
1904,2
1905,27
1906,15
1907,15
1908,27
1909,15
1910,27
1911,0
1912,10
1913,27
1914,4
1915,18
1916,1
1917,27
1918,27
1919,15
1920,7
1921,0
1922,27
1923,27
1924,1
1925,27
1926,27
1927,27
1928,27
1929,7
1930,7
1931,27
1932,17
1933,6
1934,9
1935,0
1936,1
1937,0
1938,15
1939,27
1940,27
1941,27
1942,17
1943,6
1944,2
1945,27
1946,27
1947,27
1948,27
1949,10
1950,2
1951,27
1952,27
1953,0
1954,27
1955,27
1956,27
1957,0
1958,17
1959,27
1960,7
1961,27
1962,27
1963,27
1964,2
1965,27
1966,25
1967,27
1968,27
1969,27
1970,27
1971,10
1972,27
1973,17
1974,27
1975,27
1976,11
1977,4
1978,27
1979,27
1980,27
1981,27
1982,0
1983,2
1984,27
1985,15
1986,1
1987,10
1988,27
1989,22
1990,0
1991,25
1992,27
1993,27
1994,3
1995,27
1996,27
1997,27
1998,27
1999,27
2000,27
2001,4
2002,20
2003,27
2004,27
2005,8
2006,27
2007,26
2008,0
2009,27
2010,27
2011,7
2012,18
2013,27
2014,27
2015,27
2016,2
2017,7
2018,25
2019,0
2020,7
2021,27
2022,27
2023,27
2024,27
2025,27
2026,27
2027,27
2028,18
2029,20
2030,27
2031,27
2032,27
2033,27
2034,17
2035,27
2036,11
2037,27
2038,6
2039,27
2040,27
2041,0
2042,2
2043,0
2044,27
2045,27
2046,27
2047,20
2048,5
2049,24
2050,27
2051,27
2052,10
2053,27
2054,20
2055,17
2056,27
2057,27
2058,4
2059,27
2060,18
2061,3
2062,26
2063,27
2064,27
2065,27
2066,17
2067,6
2068,27
2069,22
2070,27
2071,2
2072,10
2073,27
2074,4
2075,27
2076,20
2077,27
2078,27
2079,27
2080,9
2081,27
2082,27
2083,27
2084,15
2085,15
2086,27
2087,27
2088,27
2089,0
2090,27
2091,27
2092,27
2093,7
2094,1
2095,27
2096,27
2097,18
2098,27
2099,22
2100,0
2101,3
2102,27
2103,27
2104,27
2105,20
2106,27
2107,27
2108,27
2109,27
2110,18
2111,27
2112,17
2113,27
2114,27
2115,17
2116,27
2117,27
2118,10
2119,27
2120,27
2121,27
2122,27
2123,25
2124,27
2125,27
2126,27
2127,24
2128,18
2129,0
2130,10
2131,27
2132,27
2133,3
2134,7
2135,27
2136,15
2137,3
2138,1
2139,27
2140,0
2141,27
2142,27
2143,27
2144,4
2145,27
2146,27
2147,18
2148,27
2149,27
2150,18
2151,0
2152,27
2153,27
2154,15
2155,27
2156,27
2157,27
2158,3
2159,4
2160,1
2161,0
2162,27
2163,17
2164,27
2165,20
2166,17
2167,15
2168,15
2169,11
2170,27
2171,2
2172,27
2173,0
2174,27
2175,27
2176,4
2177,27
2178,27
2179,27
2180,7
2181,15
2182,27
2183,27
2184,3
2185,27
2186,27
2187,22
2188,17
2189,27
2190,18
2191,27
2192,27
2193,27
2194,27
2195,0
2196,27
2197,26
2198,18
2199,17
2200,27
2201,27
2202,27
2203,27
2204,27
2205,27
2206,27
2207,27
2208,9
2209,24
2210,18
2211,0
2212,27
2213,27
2214,2
2215,14
2216,0
2217,15
2218,27
2219,24
2220,4
2221,25
2222,7
2223,4
2224,27
2225,27
2226,27
2227,17
2228,22
2229,10
2230,0
2231,7
2232,15
2233,3
2234,7
2235,27
2236,27
2237,27
2238,27
2239,27
2240,7
2241,27
2242,6
2243,27
2244,27
2245,27
2246,27
2247,27
2248,17
2249,4
2250,4
2251,18
2252,27
2253,15
2254,13
2255,27
2256,3
2257,27
2258,4
2259,27
2260,27
2261,1
2262,3
2263,15
2264,27
2265,27
2266,0
2267,27
2268,27
2269,27
2270,20
2271,27
2272,20
2273,4
2274,27
2275,27
2276,27
2277,27
2278,27
2279,27
2280,3
2281,27
2282,27
2283,27
2284,27
2285,27
2286,27
2287,2
2288,27
2289,5
2290,27
2291,27
2292,27
2293,27
2294,27
2295,15
2296,27
2297,0
2298,20
2299,6
2300,27
2301,27
2302,18
2303,15
2304,27
2305,27
2306,8
2307,27
2308,25
2309,14
2310,27
2311,27
2312,4
2313,0
2314,27
2315,4
2316,27
2317,27
2318,27
2319,27
2320,27
2321,27
2322,27
2323,17
2324,27
2325,27
2326,18
2327,27
2328,27
2329,12
2330,27
2331,27
2332,27
2333,27
2334,27
2335,2
2336,27
2337,27
2338,27
2339,27
2340,27
2341,27
2342,27
2343,2
2344,17
2345,15
2346,1
2347,27
2348,7
2349,27
2350,27
2351,10
2352,1
2353,11
2354,25
2355,27
2356,22
2357,27
2358,7
2359,27
2360,0
2361,27
2362,5
2363,15
2364,27
2365,27
2366,27
2367,10
2368,27
2369,26
2370,27
2371,0
2372,27
2373,6
2374,1
2375,1
2376,4
2377,27
2378,27
2379,27
2380,27
2381,0
2382,2
2383,24
2384,27
2385,27
2386,1
2387,27
2388,27
2389,0
2390,27
2391,27
2392,8
2393,27
2394,27
2395,27
2396,27
2397,7
2398,27
2399,27
2400,27
2401,27
2402,27
2403,27
2404,27
2405,1
2406,27
2407,15
2408,0
2409,27
2410,27
2411,17
2412,27
2413,27
2414,27
2415,27
2416,27
2417,4
2418,27
2419,27
2420,27
2421,27
2422,4
2423,27
2424,5
2425,27
2426,27
2427,27
2428,27
2429,27
2430,17
2431,27
2432,0
2433,27
2434,2
2435,27
2436,27
2437,27
2438,25
2439,15
2440,0
2441,27
2442,11
2443,0
2444,1
2445,2
2446,27
2447,27
2448,27
2449,27
2450,25
2451,20
2452,20
2453,7
2454,22
2455,0
2456,27
2457,10
2458,7
2459,27
2460,0
2461,27
2462,27
2463,0
2464,5
2465,15
2466,13
2467,9
2468,27
2469,27
2470,27
2471,26
2472,27
2473,27
2474,27
2475,1
2476,1
2477,15
2478,27
2479,0
2480,4
2481,25
2482,27
2483,0
2484,18
2485,17
2486,4
2487,27
2488,4
2489,27
2490,27
2491,27
2492,27
2493,0
2494,27
2495,4
2496,27
2497,27
2498,27
2499,27
2500,0
2501,20
2502,7
2503,27
2504,1
2505,15
2506,1
2507,7
2508,2
2509,18
2510,27
2511,27
2512,27
2513,15
2514,26
2515,25
2516,18
2517,27
2518,0
2519,8
2520,27
2521,27
2522,27
2523,27
2524,3
2525,27
2526,27
2527,27
2528,27
2529,27
2530,1
2531,20
2532,7
2533,1
2534,17
2535,17
2536,3
2537,26
2538,8
2539,27
2540,7
2541,27
2542,27
2543,15
2544,1
2545,27
2546,15
2547,27
2548,27
2549,17
2550,20
2551,3
2552,27
2553,27
2554,18
2555,11
2556,1
2557,0
2558,0
2559,0
2560,27
2561,27
2562,27
2563,27
2564,27
2565,7
2566,27
2567,27
2568,4
2569,27
2570,27
2571,27
2572,2
2573,27
2574,2
2575,2
2576,27
2577,27
2578,7
2579,26
2580,5
2581,27
2582,18
2583,22
2584,25
2585,9
2586,27
2587,27
2588,27
2589,27
2590,17
2591,27
2592,10
2593,27
2594,27
2595,27
2596,0
2597,27
2598,27
2599,15
2600,27
2601,3
2602,27
2603,1
2604,27
2605,7
2606,1
2607,27
2608,20
2609,27
2610,27
2611,27
2612,18
2613,27
2614,27
2615,17
2616,27
2617,27
2618,27
2619,0
2620,27
2621,27
2622,4
2623,18
2624,15
2625,27
2626,27
2627,1
2628,1
2629,20
2630,27
2631,18
2632,27
2633,27
2634,7
2635,27
2636,4
2637,18
2638,4
2639,27
2640,27
2641,8
2642,15
2643,0
2644,6
2645,26
2646,27
2647,2
2648,27
2649,1
2650,25
2651,27
2652,27
2653,27
2654,27
2655,27
2656,3
2657,27
2658,6
2659,27
2660,0
2661,4
2662,27
2663,27
2664,18
2665,7
2666,6
2667,15
2668,10
2669,27
2670,15
2671,27
2672,7
2673,20
2674,27
2675,27
2676,27
2677,27
2678,4
2679,27
2680,27
2681,27
2682,4
2683,27
2684,2
2685,27
2686,27
2687,27
2688,27
2689,4
2690,27
2691,1
2692,25
2693,6
2694,27
2695,4
2696,27
2697,27
2698,26
2699,27
2700,10
2701,4
2702,27
2703,27
2704,27
2705,4
2706,3
2707,27
2708,27
2709,5
2710,27
2711,1
2712,15
2713,27
2714,27
2715,27
2716,25
2717,27
2718,18
2719,27
2720,15
2721,7
2722,18
2723,27
2724,27
2725,0
2726,0
2727,0
2728,27
2729,27
2730,6
2731,2
2732,4
2733,27
2734,18
2735,27
2736,15
2737,18
2738,27
2739,27
2740,27
2741,27
2742,27
2743,1
2744,18
2745,27
2746,27
2747,27
2748,2
2749,27
2750,15
2751,27
2752,27
2753,0
2754,27
2755,27
2756,3
2757,27
2758,27
2759,27
2760,27
2761,1
2762,17
2763,4
2764,27
2765,0
2766,27
2767,3
2768,15
2769,8
2770,27
2771,10
2772,0
2773,27
2774,27
2775,4
2776,27
2777,2
2778,27
2779,27
2780,27
2781,27
2782,27
2783,27
2784,10
2785,13
2786,4
2787,18
2788,22
2789,6
2790,4
2791,27
2792,10
2793,7
2794,26
2795,6
2796,27
2797,27
2798,11
2799,10
2800,14
2801,18
2802,3
2803,0
2804,10
2805,20
2806,0
2807,27
2808,25
2809,27
2810,27
2811,27
2812,27
2813,18
2814,27
2815,1
2816,27
2817,27
2818,27
2819,27
2820,0
2821,11
2822,26
2823,13
2824,10
2825,27
2826,20
2827,27
2828,0
2829,4
2830,22
2831,27
2832,3
2833,20
2834,27
2835,27
2836,4
2837,27
2838,6
2839,0
2840,27
2841,1
2842,2
2843,0
2844,0
2845,26
2846,15
2847,27
2848,27
2849,27
2850,27
2851,25
2852,27
2853,27
2854,27
2855,7
2856,15
2857,9
2858,14
2859,4
2860,10
2861,1
2862,27
2863,4
2864,27
2865,20
2866,27
2867,3
2868,27
2869,27
2870,3
2871,27
2872,0
2873,27
2874,27
2875,6
2876,4
2877,27
2878,0
2879,27
2880,27
2881,27
2882,27
2883,13
2884,27
2885,15
2886,26
2887,0
2888,0
2889,27
2890,27
2891,17
2892,0
2893,27
2894,27
2895,27
2896,27
2897,27
2898,27
2899,27
2900,27
2901,27
2902,3
2903,25
2904,6
2905,15
2906,4
2907,4
2908,27
2909,27
2910,27
2911,10
2912,3
2913,1
2914,15
2915,9
2916,27
2917,27
2918,27
2919,18
2920,27
2921,13
2922,4
2923,25
2924,27
2925,18
2926,3
2927,15
2928,27
2929,27
2930,0
2931,25
2932,27
2933,10
2934,27
2935,1
2936,27
2937,3
2938,22
2939,27
2940,17
2941,2
2942,27
2943,27
2944,3
2945,27
2946,0
2947,2
2948,14
2949,27
2950,14
2951,6
2952,27
2953,27
2954,3
2955,0
2956,3
2957,27
2958,27
2959,27
2960,27
2961,27
2962,1
2963,3
2964,27
2965,27
2966,27
2967,1
2968,27
2969,4
2970,27
2971,18
2972,27
2973,27
2974,27
2975,1
2976,27
2977,27
2978,4
2979,4
2980,27
2981,27
2982,27
2983,27
2984,0
2985,0
2986,27
2987,27
2988,27
2989,27
2990,17
2991,27
2992,7
2993,0
2994,27
2995,9
2996,27
2997,27
2998,4
2999,27
3000,27
3001,0
3002,27
3003,25
3004,20
3005,27
3006,17
3007,27
3008,18
3009,0
3010,27
3011,27
3012,27
3013,14
3014,27
3015,18
3016,27
3017,6
3018,2
3019,27
3020,1
3021,18
3022,22
3023,18
3024,27
3025,27
3026,27
3027,4
3028,27
3029,25
3030,9
3031,6
3032,7
3033,27
3034,18
3035,27
3036,27
3037,27
3038,1
3039,27
3040,27
3041,22
3042,18
3043,27
3044,0
3045,27
3046,27
3047,0
3048,18
3049,27
3050,27
3051,27
3052,18
3053,9
3054,15
3055,27
3056,15
3057,27
3058,0
3059,27
3060,27
3061,27
3062,27
3063,0
3064,27
3065,18
3066,0
3067,0
3068,27
3069,27
3070,27
3071,26
3072,7
3073,27
3074,27
3075,27
3076,3
3077,27
3078,10
3079,4
3080,18
3081,27
3082,27
3083,27
3084,27
3085,27
3086,27
3087,27
3088,27
3089,25
3090,15
3091,0
3092,1
3093,15
3094,27
3095,25
3096,22
3097,27
3098,15
3099,0
3100,27
3101,27
3102,1
3103,3
3104,15
3105,27
3106,27
3107,27
3108,15
3109,27
3110,2
3111,6
3112,27
3113,17
3114,27
3115,27
3116,27
3117,27
3118,27
3119,27
3120,3
3121,27
3122,0
3123,27
3124,27
3125,0
3126,27
3127,2
3128,27
3129,3
3130,27
3131,27
3132,27
3133,25
3134,27
3135,27
3136,0
3137,27
3138,15
3139,10
3140,0
3141,3
3142,27
3143,0
3144,1
3145,13
3146,27
3147,26
3148,27
3149,27
3150,27
3151,22
3152,18
3153,17
3154,10
3155,26
3156,5
3157,7
3158,10
3159,27
3160,15
3161,3
3162,15
3163,27
3164,27
3165,6
3166,0
3167,15
3168,27
3169,27
3170,27
3171,27
3172,27
3173,3
3174,27
3175,27
3176,27
3177,20
3178,18
3179,27
3180,27
3181,4
3182,27
3183,27
3184,27
3185,18
3186,27
3187,21
3188,15
3189,24
3190,3
3191,0
3192,22
3193,5
3194,17
3195,7
3196,26
3197,15
3198,27
3199,27
3200,18
3201,17
3202,14
3203,27
3204,18
3205,0
3206,27
3207,6
3208,4
3209,27
3210,27
3211,20
3212,4
3213,24
3214,27
3215,1
3216,15
3217,27
3218,27
3219,27
3220,0
3221,3
3222,1
3223,27
3224,27
3225,15
3226,27
3227,15
3228,27
3229,0
3230,27
3231,1
3232,4
3233,25
3234,27
3235,25
3236,1
3237,1
3238,0
3239,18
3240,26
3241,6
3242,3
3243,2
3244,7
3245,27
3246,1
3247,27
3248,3
3249,27
3250,27
3251,27
3252,27
3253,27
3254,27
3255,27
3256,1
3257,27
3258,27
3259,27
3260,20
3261,15
3262,4
3263,27
3264,27
3265,2
3266,27
3267,15
3268,25
3269,27
3270,27
3271,27
3272,7
3273,27
3274,27
3275,4
3276,0
3277,27
3278,5
3279,27
3280,27
3281,27
3282,27
3283,26
3284,15
3285,27
3286,3
3287,27
3288,7
3289,18
3290,9
3291,27
3292,25
3293,18
3294,15
3295,11
3296,4
3297,18
3298,15
3299,15
3300,18
3301,2
3302,27
3303,27
3304,27
3305,4
3306,2
3307,2
3308,20
3309,27
3310,1
3311,27
3312,27
3313,18
3314,27
3315,27
3316,27
3317,27
3318,27
3319,11
3320,7
3321,27
3322,15
3323,2
3324,5
3325,6
3326,27
3327,20
3328,25
3329,0
3330,0
3331,27
3332,1
3333,20
3334,27
3335,27
3336,27
3337,27
3338,27
3339,3
3340,17
3341,18
3342,27
3343,15
3344,3
3345,27
3346,22
3347,17
3348,27
3349,3
3350,26
3351,27
3352,27
3353,5
3354,27
3355,27
3356,1
3357,27
3358,27
3359,0
3360,27
3361,0
3362,27
3363,27
3364,18
3365,27
3366,27
3367,2
3368,27
3369,6
3370,27
3371,7
3372,27
3373,27
3374,27
3375,27
3376,17
3377,0
3378,27
3379,20
3380,7
3381,4
3382,14
3383,27
3384,7
3385,22
3386,27
3387,27
3388,17
3389,0
3390,14
3391,15
3392,1
3393,27
3394,27
3395,27
3396,27
3397,0
3398,27
3399,5
3400,1
3401,15
3402,0
3403,27
3404,27
3405,18
3406,27
3407,27
3408,27
3409,27
3410,10
3411,27
3412,27
3413,27
3414,17
3415,20
3416,3
3417,27
3418,27
3419,15
3420,4
3421,17
3422,27
3423,27
3424,15
3425,25
3426,27
3427,6
3428,0
3429,0
3430,20
3431,27
3432,27
3433,27
3434,27
3435,20
3436,27
3437,4
3438,27
3439,18
3440,27
3441,3
3442,27
3443,18
3444,27
3445,9
3446,1
3447,27
3448,27
3449,27
3450,27
3451,27
3452,10
3453,27
3454,27
3455,27
3456,26
3457,17
3458,27
3459,2
3460,27
3461,20
3462,15
3463,27
3464,27
3465,8
3466,27
3467,27
3468,3
3469,15
3470,6
3471,27
3472,27
3473,27
3474,15
3475,0
3476,25
3477,27
3478,27
3479,7
3480,27
3481,27
3482,0
3483,27
3484,27
3485,3
3486,15
3487,27
3488,3
3489,0
3490,4
3491,27
3492,18
3493,1
3494,27
3495,3
3496,4
3497,9
3498,7
3499,3
3500,1
3501,27
3502,17
3503,27
3504,15
3505,4
3506,15
3507,14
3508,27
3509,1
3510,22
3511,6
3512,27
3513,3
3514,27
3515,27
3516,27
3517,27
3518,5
3519,27
3520,27
3521,1
3522,0
3523,27
3524,2
3525,1
3526,27
3527,0
3528,27
3529,6
3530,15
3531,3
3532,4
3533,20
3534,27
3535,27
3536,27
3537,0
3538,27
3539,27
3540,24
3541,7
3542,7
3543,27
3544,27
3545,10
3546,27
3547,27
3548,1
3549,18
3550,5
3551,0
3552,27
3553,0
3554,27
3555,27
3556,27
3557,27
3558,27
3559,1
3560,8
3561,27
3562,27
3563,27
3564,27
3565,1
3566,27
3567,27
3568,27
3569,27
3570,27
3571,1
3572,27
3573,17
3574,27
3575,27
3576,27
3577,6
3578,10
3579,10
3580,27
3581,27
3582,27
3583,27
3584,27
3585,27
3586,27
3587,4
3588,27
3589,27
3590,27
3591,27
3592,0
3593,15
3594,27
3595,15
3596,27
3597,11
3598,27
3599,17
3600,27
3601,26
3602,27
3603,27
3604,27
3605,0
3606,3
3607,27
3608,26
3609,24
3610,27
3611,27
3612,27
3613,5
3614,0
3615,27
3616,7
3617,0
3618,10
3619,27
3620,18
3621,10
3622,0
3623,14
3624,20
3625,27
3626,1
3627,1
3628,27
3629,18
3630,3
3631,0
3632,27
3633,27
3634,6
3635,0
3636,27
3637,26
3638,27
3639,7
3640,0
3641,0
3642,27
3643,15
3644,27
3645,15
3646,27
3647,27
3648,27
3649,1
3650,27
3651,27
3652,13
3653,27
3654,27
3655,27
3656,27
3657,27
3658,13
3659,26
3660,27
3661,25
3662,18
3663,25
3664,20
3665,1
3666,0
3667,27
3668,6
3669,11
3670,27
3671,27
3672,15
3673,22
3674,0
3675,0
3676,20
3677,27
3678,27
3679,0
3680,15
3681,27
3682,27
3683,27
3684,27
3685,2
3686,0
3687,27
3688,27
3689,27
3690,4
3691,1
3692,14
3693,3
3694,27
3695,10
3696,20
3697,27
3698,0
3699,27
3700,27
3701,0
3702,7
3703,27
3704,1
3705,27
3706,2
3707,3
3708,27
3709,15
3710,1
3711,27
3712,27
3713,20
3714,4
3715,15
3716,27
3717,27
3718,27
3719,27
3720,27
3721,27
3722,27
3723,0
3724,27
3725,27
3726,27
3727,25
3728,3
3729,22
3730,27
3731,27
3732,4
3733,14
3734,10
3735,27
3736,27
3737,24
3738,1
3739,0
3740,27
3741,3
3742,10
3743,27
3744,10
3745,6
3746,27
3747,27
3748,27
3749,27
3750,27
3751,26
3752,15
3753,4
3754,0
3755,27
3756,27
3757,27
3758,15
3759,25
3760,18
3761,2
3762,25
3763,27
3764,0
3765,27
3766,5
3767,3
3768,0
3769,27
3770,3
3771,27
3772,9
3773,9
3774,2
3775,0
3776,7
3777,18
3778,10
3779,14
3780,27
3781,27
3782,27
3783,27
3784,7
3785,15
3786,7
3787,0
3788,27
3789,27
3790,4
3791,27
3792,27
3793,27
3794,26
3795,8
3796,22
3797,15
3798,27
3799,27
3800,27
3801,0
3802,27
3803,4
3804,4
3805,27
3806,27
3807,27
3808,27
3809,27
3810,27
3811,27
3812,5
3813,27
3814,27
3815,27
3816,4
3817,27
3818,11
3819,2
3820,27
3821,27
3822,27
3823,27
3824,27
3825,27
3826,27
3827,10
3828,27
3829,27
3830,18
3831,15
3832,15
3833,27
3834,27
3835,20
3836,3
3837,25
3838,2
3839,27
3840,27
3841,27
3842,27
3843,15
3844,4
3845,27
3846,27
3847,27
3848,27
3849,2
3850,27
3851,6
3852,27
3853,0
3854,27
3855,4
3856,27
3857,27
3858,27
3859,18
3860,27
3861,27
3862,3
3863,26
3864,3
3865,2
3866,22
3867,25
3868,27
3869,1
3870,27
3871,0
3872,27
3873,4
3874,4
3875,0
3876,27
3877,15
3878,27
3879,27
3880,3
3881,27
3882,27
3883,27
3884,27
3885,27
3886,10
3887,15
3888,0
3889,0
3890,27
3891,7
3892,2
3893,27
3894,4
3895,0
3896,12
3897,0
3898,0
3899,17
3900,20
3901,1
3902,27
3903,1
3904,27
3905,27
3906,1
3907,27
3908,27
3909,27
3910,2
3911,7
3912,11
3913,14
3914,15
3915,27
3916,3
3917,22
3918,20
3919,27
3920,1
3921,17
3922,27
3923,27
3924,27
3925,27
3926,27
3927,3
3928,18
3929,1
3930,27
3931,18
3932,1
3933,27
3934,27
3935,15
3936,27
3937,27
3938,27
3939,27
3940,27
3941,3
3942,21
3943,27
3944,0
3945,27
3946,15
3947,27
3948,4
3949,27
3950,27
3951,15
3952,18
3953,0
3954,27
3955,3
3956,27
3957,27
3958,27
3959,12
3960,7
3961,27
3962,24
3963,27
3964,27
3965,7
3966,27
3967,3
3968,24
3969,0
3970,18
3971,6
3972,27
3973,27
3974,18
3975,27
3976,27
3977,27
3978,27
3979,27
3980,15
3981,27
3982,27
3983,27
3984,27
3985,27
3986,27
3987,27
3988,18
3989,8
3990,18
3991,26
3992,27
3993,27
3994,27
3995,27
3996,27
3997,3
3998,27
3999,27
4000,3
4001,27
4002,18
4003,27
4004,27
4005,19
4006,15
4007,27
4008,27
4009,27
4010,27
4011,27
4012,20
4013,7
4014,4
4015,5
4016,1
4017,0
4018,27
4019,27
4020,18
4021,4
4022,27
4023,27
4024,27
4025,4
4026,27
4027,17
4028,27
4029,18
4030,27
4031,27
4032,27
4033,27
4034,3
4035,27
4036,20
4037,27
4038,15
4039,27
4040,27
4041,27
4042,2
4043,4
4044,9
4045,27
4046,27
4047,27
4048,26
4049,10
4050,3
4051,10
4052,1
4053,6
4054,5
4055,24
4056,4
4057,27
4058,27
4059,27
4060,26
4061,27
4062,0
4063,27
4064,27
4065,27
4066,17
4067,0
4068,27
4069,27
4070,22
4071,27
4072,27
4073,27
4074,27
4075,3
4076,18
4077,27
4078,3
4079,27
4080,27
4081,13
4082,27
4083,27
4084,9
4085,27
4086,27
4087,18
4088,5
4089,27
4090,17
4091,13
4092,15
4093,27
4094,0
4095,4
4096,1
4097,20
4098,4
4099,3
4100,0
4101,15
4102,18
4103,27
4104,27
4105,27
4106,27
4107,3
4108,3
4109,25
4110,27
4111,27
4112,1
4113,10
4114,12
4115,17
4116,4
4117,27
4118,27
4119,17
4120,27
4121,27
4122,27
4123,2
4124,27
4125,3
4126,5
4127,27
4128,18
4129,20
4130,27
4131,27
4132,24
4133,2
4134,27
4135,18
4136,15
4137,15
4138,27
4139,27
4140,4
4141,14
4142,27
4143,27
4144,27
4145,27
4146,1
4147,27
4148,4
4149,27
4150,27
4151,20
4152,27
4153,27
4154,7
4155,27
4156,27
4157,27
4158,27
4159,25
4160,4
4161,27
4162,27
4163,15
4164,1
4165,0
4166,27
4167,1
4168,2
4169,4
4170,27
4171,27
4172,27
4173,27
4174,27
4175,27
4176,27
4177,6
4178,27
4179,22
4180,2
4181,27
4182,27
4183,7
4184,25
4185,27
4186,25
4187,27
4188,27
4189,0
4190,27
4191,2
4192,27
4193,0
4194,27
4195,0
4196,0
4197,27
4198,27
4199,20
4200,17
4201,2
4202,0
4203,17
4204,27
4205,27
4206,27
4207,27
4208,4
4209,2
4210,27
4211,10
4212,14
4213,3
4214,2
4215,27
4216,27
4217,6
4218,27
4219,5
4220,27
4221,27
4222,6
4223,27
4224,27
4225,10
4226,10
4227,26
4228,22
4229,27
4230,27
4231,27
4232,15
4233,27
4234,27
4235,1
4236,27
4237,6
4238,27
4239,27
4240,9
4241,10
4242,5
4243,0
4244,1
4245,18
4246,27
4247,0
4248,27
4249,17
4250,1
4251,27
4252,27
4253,7
4254,27
4255,27
4256,27
4257,0
4258,2
4259,3
4260,27
4261,27
4262,27
4263,27
4264,27
4265,9
4266,5
4267,15
4268,27
4269,17
4270,25
4271,4
4272,27
4273,27
4274,18
4275,27
4276,27
4277,27
4278,7
4279,0
4280,0
4281,27
4282,26
4283,26
4284,26
4285,27
4286,24
4287,0
4288,27
4289,27
4290,25
4291,27
4292,27
4293,4
4294,27
4295,27
4296,10
4297,27
4298,0
4299,27
4300,6
4301,3
4302,1
4303,6
4304,27
4305,27
4306,15
4307,27
4308,7
4309,27
4310,0
4311,27
4312,27
4313,27
4314,15
4315,27
4316,0
4317,18
4318,26
4319,20
4320,27
4321,18
4322,20
4323,27
4324,1
4325,27
4326,27
4327,20
4328,18
4329,15
4330,7
4331,27
4332,4
4333,4
4334,27
4335,27
4336,26
4337,27
4338,27
4339,3
4340,27
4341,15
4342,18
4343,4
4344,27
4345,5
4346,27
4347,1
4348,3
4349,9
4350,27
4351,27
4352,27
4353,18
4354,27
4355,27
4356,27
4357,26
4358,18
4359,27
4360,4
4361,27
4362,27
4363,27
4364,0
4365,0
4366,27
4367,27
4368,27
4369,27
4370,15
4371,6
4372,27
4373,3
4374,27
4375,27
4376,3
4377,0
4378,27
4379,27
4380,2
4381,2
4382,27
4383,27
4384,0
4385,27
4386,25
4387,4
4388,15
4389,27
4390,27
4391,27
4392,25
4393,27
4394,15
4395,8
4396,27
4397,24
4398,27
4399,0
4400,27
4401,27
4402,27
4403,27
4404,4
4405,27
4406,15
4407,27
4408,13
4409,27
4410,3
4411,27
4412,27
4413,27
4414,0
4415,4
4416,27
4417,27
4418,6
4419,1
4420,1
4421,13
4422,2
4423,1
4424,0
4425,17
4426,15
4427,0
4428,27
4429,27
4430,27
4431,27
4432,27
4433,18
4434,3
4435,18
4436,27
4437,27
4438,27
4439,17
4440,22
4441,25
4442,27
4443,18
4444,27
4445,4
4446,27
4447,27
4448,1
4449,22
4450,27
4451,27
4452,27
4453,27
4454,15
4455,27
4456,27
4457,27
4458,27
4459,27
4460,10
4461,27
4462,15
4463,10
4464,27
4465,20
4466,10
4467,27
4468,26
4469,27
4470,27
4471,27
4472,17
4473,17
4474,27
4475,17
4476,3
4477,20
4478,4
4479,1
4480,13
4481,9
4482,27
4483,27
4484,0
4485,27
4486,27
4487,5
4488,27
4489,27
4490,27
4491,27
4492,10
4493,27
4494,27
4495,27
4496,27
4497,27
4498,27
4499,7
4500,27
4501,26
4502,27
4503,13
4504,1
4505,15
4506,1
4507,27
4508,7
4509,0
4510,0
4511,3
4512,15
4513,15
4514,27
4515,27
4516,27
4517,27
4518,0
4519,0
4520,27
4521,27
4522,15
4523,27
4524,27
4525,14
4526,22
4527,0
4528,26
4529,27
4530,27
4531,27
4532,10
4533,27
4534,24
4535,15
4536,27
4537,27
4538,27
4539,18
4540,27
4541,18
4542,27
4543,27
4544,26
4545,3
4546,1
4547,3
4548,27
4549,5
4550,25
4551,1
4552,27
4553,27
4554,27
4555,18
4556,13
4557,27
4558,10
4559,27
4560,4
4561,27
4562,27
4563,1
4564,26
4565,27
4566,27
4567,26
4568,27
4569,7
4570,27
4571,27
4572,7
4573,27
4574,3
4575,20
4576,27
4577,10
4578,6
4579,27
4580,1
4581,27
4582,3
4583,15
4584,7
4585,27
4586,27
4587,26
4588,12
4589,27
4590,27
4591,0
4592,1
4593,12
4594,13
4595,4
4596,1
4597,17
4598,27
4599,4
4600,27
4601,27
4602,22
4603,6
4604,27
4605,27
4606,27
4607,10
4608,25
4609,27
4610,3
4611,0
4612,27
4613,1
4614,15
4615,13
4616,1
4617,0
4618,12
4619,2
4620,27
4621,27
4622,27
4623,6
4624,0
4625,0
4626,22
4627,27
4628,3
4629,27
4630,27
4631,24
4632,27
4633,27
4634,27
4635,4
4636,18
4637,27
4638,13
4639,4
4640,14
4641,27
4642,6
4643,8
4644,0
4645,20
4646,27
4647,4
4648,0
4649,27
4650,27
4651,18
4652,27
4653,20
4654,27
4655,27
4656,1
4657,27
4658,19
4659,27
4660,27
4661,27
4662,1
4663,27
4664,27
4665,18
4666,27
4667,9
4668,27
4669,27
4670,27
4671,26
4672,27
4673,1
4674,22
4675,17
4676,4
4677,27
4678,3
4679,27
4680,27
4681,27
4682,27
4683,4
4684,27
4685,15
4686,4
4687,0
4688,27
4689,5
4690,12
4691,3
4692,9
4693,14
4694,11
4695,27
4696,27
4697,9
4698,27
4699,15
4700,27
4701,8
4702,27
4703,14
4704,15
4705,27
4706,6
4707,27
4708,4
4709,27
4710,27
4711,18
4712,27
4713,2
4714,27
4715,27
4716,18
4717,1
4718,27
4719,27
4720,0
4721,27
4722,20
4723,27
4724,27
4725,15
4726,5
4727,27
4728,10
4729,27
4730,10
4731,3
4732,17
4733,4
4734,25
4735,27
4736,1
4737,4
4738,27
4739,6
4740,3
4741,27
4742,0
4743,7
4744,5
4745,27
4746,27
4747,18
4748,13
4749,25
4750,27
4751,0
4752,27
4753,27
4754,27
4755,2
4756,20
4757,3
4758,6
4759,0
4760,2
4761,2
4762,27
4763,25
4764,27
4765,27
4766,27
4767,27
4768,27
4769,10
4770,15
4771,3
4772,27
4773,14
4774,27
4775,11
4776,27
4777,4
4778,4
4779,27
4780,27
4781,15
4782,4
4783,15
4784,4
4785,6
4786,26
4787,15
4788,15
4789,0
4790,27
4791,27
4792,27
4793,27
4794,3
4795,27
4796,10
4797,27
4798,15
4799,4
4800,27
4801,27
4802,27
4803,27
4804,13
4805,27
4806,8
4807,3
4808,27
4809,27
4810,6
4811,27
4812,27
4813,27
4814,27
4815,1
4816,27
4817,0
4818,0
4819,0
4820,27
4821,17
4822,27
4823,27
4824,27
4825,4
4826,27
4827,27
4828,27
4829,1
4830,27
4831,27
4832,27
4833,7
4834,22
4835,27
4836,15
4837,27
4838,27
4839,10
4840,27
4841,27
4842,27
4843,5
4844,27
4845,6
4846,15
4847,18
4848,17
4849,6
4850,27
4851,27
4852,3
4853,7
4854,20
4855,22
4856,27
4857,0
4858,13
4859,27
4860,25
4861,0
4862,27
4863,27
4864,27
4865,27
4866,27
4867,0
4868,18
4869,12
4870,27
4871,18
4872,27
4873,20
4874,27
4875,27
4876,27
4877,27
4878,0
4879,27
4880,15
4881,2
4882,27
4883,27
4884,0
4885,27
4886,27
4887,22
4888,10
4889,0
4890,3
4891,1
4892,27
4893,2
4894,4
4895,2
4896,27
4897,6
4898,4
4899,1
4900,15
4901,27
4902,27
4903,27
4904,0
4905,27
4906,27
4907,27
4908,4
4909,27
4910,25
4911,27
4912,6
4913,8
4914,27
4915,27
4916,27
4917,10
4918,3
4919,27
4920,27
4921,15
4922,27
4923,27
4924,11
4925,27
4926,17
4927,27
4928,27
4929,1
4930,27
4931,27
4932,27
4933,27
4934,27
4935,27
4936,27
4937,7
4938,27
4939,4
4940,3
4941,5
4942,10
4943,27
4944,27
4945,0
4946,15
4947,7
4948,27
4949,27
4950,18
4951,0
4952,20
4953,18
4954,0
4955,10
4956,27
4957,27
4958,18
4959,27
4960,5
4961,9
4962,15
4963,27
4964,14
4965,20
4966,15
4967,27
4968,27
4969,20
4970,27
4971,10
4972,15
4973,27
4974,10
4975,27
4976,3
4977,27
4978,27
4979,27
4980,27
4981,27
4982,0
4983,7
4984,27
4985,27
4986,27
4987,3
4988,27
4989,27
4990,14
4991,27
4992,27
4993,27
4994,27
4995,7
4996,10
4997,25
4998,27
4999,18
5000,17
5001,15
5002,2
5003,1
5004,27
5005,27
5006,0
5007,1
5008,15
5009,27
5010,9
5011,27
5012,1
5013,27
5014,27
5015,27
5016,0
5017,27
5018,3
5019,27
5020,20
5021,27
5022,27
5023,0
5024,27
5025,25
5026,1
5027,27
5028,27
5029,4
5030,6
5031,27
5032,17
5033,1
5034,27
5035,27
5036,27
5037,27
5038,27
5039,11
5040,27
5041,12
5042,27
5043,27
5044,2
5045,27
5046,27
5047,11
5048,27
5049,27
5050,27
5051,18
5052,27
5053,27
5054,0
5055,3
5056,14
5057,27
5058,7
5059,4
5060,27
5061,27
5062,27
5063,27
5064,27
5065,27
5066,27
5067,4
5068,27
5069,27
5070,1
5071,8
5072,3
5073,0
5074,8
5075,27
5076,27
5077,27
5078,27
5079,27
5080,27
5081,12
5082,27
5083,3
5084,0
5085,0
5086,15
5087,11
5088,27
5089,27
5090,18
5091,7
5092,27
5093,25
5094,27
5095,17
5096,27
5097,0
5098,15
5099,22
5100,18
5101,27
5102,27
5103,13
5104,3
5105,0
5106,8
5107,15
5108,27
5109,0
5110,9
5111,11
5112,0
5113,26
5114,1
5115,27
5116,27
5117,27
5118,27
5119,4
5120,27
5121,0
5122,27
5123,0
5124,27
5125,27
5126,0
5127,27
5128,27
5129,27
5130,27
5131,15
5132,20
5133,3
5134,4
5135,4
5136,17
5137,4
5138,27
5139,27
5140,27
5141,27
5142,27
5143,27
5144,27
5145,27
5146,27
5147,27
5148,27
5149,27
5150,27
5151,27
5152,27
5153,27
5154,0
5155,25
5156,15
5157,27
5158,27
5159,5
5160,6
5161,27
5162,27
5163,27
5164,27
5165,27
5166,27
5167,27
5168,26
5169,27
5170,27
5171,15
5172,27
5173,27
5174,2
5175,27
5176,27
5177,4
5178,4
5179,27
5180,27
5181,27
5182,3
5183,1
5184,13
5185,27
5186,27
5187,1
5188,27
5189,3
5190,2
5191,22
5192,27
5193,0
5194,1
5195,11
5196,27
5197,27
5198,27
5199,18
5200,15
5201,15
5202,27
5203,26
5204,1
5205,27
5206,18
5207,27
5208,27
5209,27
5210,27
5211,27
5212,27
5213,27
5214,27
5215,27
5216,12
5217,8
5218,1
5219,27
5220,25
5221,3
5222,27
5223,27
5224,11
5225,27
5226,27
5227,27
5228,27
5229,27
5230,27
5231,27
5232,27
5233,27
5234,1
5235,4
5236,8
5237,10
5238,27
5239,27
5240,27
5241,27
5242,27
5243,27
5244,27
5245,27
5246,17
5247,27
5248,17
5249,15
5250,5
5251,27
5252,24
5253,18
5254,18
5255,27
5256,27
5257,27
5258,3
5259,27
5260,0
5261,27
5262,1
5263,17
5264,27
5265,27
5266,0
5267,27
5268,27
5269,17
5270,27
5271,27
5272,27
5273,27
5274,27
5275,27
5276,27
5277,0
5278,7
5279,18
5280,27
5281,27
5282,0
5283,15
5284,27
5285,27
5286,27
5287,27
5288,27
5289,27
5290,27
5291,27
5292,27
5293,25
5294,27
5295,9
5296,27
5297,15
5298,27
5299,27
5300,2
5301,22
5302,2
5303,18
5304,27
5305,27
5306,1
5307,6
5308,27
5309,27
5310,6
5311,18
5312,15
5313,27
5314,27
5315,27
5316,1
5317,27
5318,25
5319,10
5320,27
5321,20
5322,27
5323,0
5324,3
5325,22
5326,27
5327,7
5328,0
5329,15
5330,7
5331,27
5332,27
5333,27
5334,27
5335,15
5336,4
5337,27
5338,27
5339,27
5340,0
5341,27
5342,27
5343,27
5344,27
5345,1
5346,27
5347,18
5348,27
5349,27
5350,27
5351,18
5352,3
5353,13
5354,27
5355,27
5356,14
5357,20
5358,0
5359,27
5360,27
5361,15
5362,25
5363,27
5364,27
5365,26
5366,15
5367,14
5368,27
5369,27
5370,1
5371,2
5372,27
5373,3
5374,27
5375,27
5376,1
5377,18
5378,0
5379,27
5380,9
5381,0
5382,25
5383,27
5384,27
5385,27
5386,5
5387,27
5388,18
5389,17
5390,3
5391,15
5392,27
5393,27
5394,0
5395,2
5396,27
5397,27
5398,27
5399,27
5400,2
5401,27
5402,1
5403,27
5404,27
5405,27
5406,6
5407,7
5408,27
5409,27
5410,27
5411,27
5412,18
5413,18
5414,25
5415,7
5416,27
5417,17
5418,27
5419,1
5420,10
5421,27
5422,27
5423,27
5424,26
5425,27
5426,4
5427,14
5428,7
5429,27
5430,27
5431,27
5432,27
5433,7
5434,27
5435,27
5436,10
5437,25
5438,27
5439,15
5440,17
5441,1
5442,27
5443,27
5444,4
5445,27
5446,27
5447,27
5448,27
5449,17
5450,27
5451,18
5452,27
5453,27
5454,7
5455,0
5456,27
5457,18
5458,27
5459,1
5460,0
5461,4
5462,18
5463,27
5464,27
5465,27
5466,27
5467,27
5468,15
5469,25
5470,27
5471,27
5472,6
5473,27
5474,25
5475,27
5476,20
5477,27
5478,24
5479,27
5480,17
5481,27
5482,20
5483,27
5484,27
5485,1
5486,27
5487,1
5488,27
5489,27
5490,27
5491,27
5492,27
5493,4
5494,27
5495,4
5496,18
5497,27
5498,3
5499,11
5500,4
5501,27
5502,1
5503,3
5504,15
5505,27
5506,15
5507,25
5508,26
5509,27
5510,27
5511,1
5512,27
5513,0
5514,27
5515,4
5516,27
5517,27
5518,27
5519,27
5520,27
5521,0
5522,27
5523,15
5524,27
5525,27
5526,20
5527,0
5528,3
5529,27
5530,0
5531,27
5532,0
5533,27
5534,27
5535,2
5536,27
5537,0
5538,12
5539,27
5540,0
5541,27
5542,27
5543,27
5544,0
5545,27
5546,17
5547,7
5548,2
5549,17
5550,27
5551,10
5552,27
5553,27
5554,25
5555,27
5556,10
5557,17
5558,3
5559,27
5560,4
5561,27
5562,17
5563,27
5564,27
5565,27
5566,27
5567,20
5568,27
5569,15
5570,27
5571,27
5572,15
5573,25
5574,27
5575,27
5576,27
5577,27
5578,0
5579,18
5580,27
5581,27
5582,27
5583,27
5584,27
5585,27
5586,15
5587,27
5588,27
5589,27
5590,2
5591,27
5592,27
5593,27
5594,27
5595,4
5596,0
5597,27
5598,15
5599,2
5600,0
5601,27
5602,4
5603,27
5604,27
5605,6
5606,27
5607,27
5608,27
5609,0
5610,20
5611,27
5612,11
5613,27
5614,15
5615,27
5616,6
5617,1
5618,0
5619,27
5620,27
5621,15
5622,27
5623,17
5624,27
5625,27
5626,3
5627,0
5628,27
5629,10
5630,27
5631,18
5632,27
5633,27
5634,27
5635,27
5636,27
5637,27
5638,27
5639,27
5640,27
5641,20
5642,18
5643,27
5644,27
5645,27
5646,5
5647,27
5648,27
5649,18
5650,27
5651,27
5652,24
5653,27
5654,2
5655,27
5656,15
5657,27
5658,0
5659,27
5660,1
5661,27
5662,10
5663,27
5664,4
5665,27
5666,27
5667,15
5668,27
5669,0
5670,27
5671,27
5672,4
5673,27
5674,18
5675,27
5676,18
5677,2
5678,18
5679,27
5680,18
5681,27
5682,27
5683,27
5684,9
5685,27
5686,27
5687,27
5688,27
5689,22
5690,27
5691,27
5692,27
5693,27
5694,4
5695,27
5696,0
5697,27
5698,0
5699,3
5700,27
5701,27
5702,18
5703,25
5704,27
5705,27
5706,27
5707,18
5708,27
5709,9
5710,27
5711,27
5712,4
5713,0
5714,22
5715,10
5716,27
5717,20
5718,25
5719,27
5720,27
5721,10
5722,0
5723,26
5724,27
5725,0
5726,27
5727,27
5728,27
5729,15
5730,27
5731,0
5732,27
5733,9
5734,27
5735,15
5736,27
5737,27
5738,15
5739,27
5740,26
5741,27
5742,4
5743,20
5744,2
5745,10
5746,18
5747,27
5748,1
5749,18
5750,27
5751,2
5752,0
5753,27
5754,27
5755,1
5756,27
5757,27
5758,22
5759,6
5760,27
5761,3
5762,14
5763,27
5764,3
5765,27
5766,27
5767,27
5768,27
5769,7
5770,26
5771,27
5772,4
5773,27
5774,10
5775,27
5776,17
5777,0
5778,27
5779,27
5780,0
5781,1
5782,27
5783,27
5784,27
5785,3
5786,22
5787,15
5788,27
5789,5
5790,3
5791,27
5792,27
5793,27
5794,2
5795,15
5796,1
5797,27
5798,4
5799,18
5800,27
5801,27
5802,8
5803,0
5804,27
5805,27
5806,20
5807,6
5808,27
5809,27
5810,27
5811,0
5812,8
5813,27
5814,5
5815,27
5816,20
5817,27
5818,1
5819,3
5820,27
5821,27
5822,11
5823,27
5824,27
5825,27
5826,27
5827,4
5828,27
5829,18
5830,15
5831,27
5832,27
5833,20
5834,18
5835,4
5836,27
5837,27
5838,8
5839,6
5840,27
5841,17
5842,15
5843,10
5844,0
5845,22
5846,27
5847,0
5848,1
5849,27
5850,3
5851,27
5852,0
5853,27
5854,18
5855,27
5856,27
5857,27
5858,7
5859,25
5860,0
5861,22
5862,2
5863,27
5864,1
5865,4
5866,15
5867,0
5868,27
5869,27
5870,25
5871,0
5872,24
5873,27
5874,27
5875,2
5876,27
5877,7
5878,27
5879,27
5880,27
5881,5
5882,27
5883,27
5884,27
5885,27
5886,15
5887,27
5888,15
5889,26
5890,27
5891,15
5892,18
5893,15
5894,27
5895,27
5896,7
5897,3
5898,10
5899,0
5900,27
5901,0
5902,27
5903,27
5904,18
5905,27
5906,15
5907,15
5908,27
5909,15
5910,27
5911,27
5912,14
5913,4
5914,15
5915,4
5916,27
5917,27
5918,0
5919,27
5920,27
5921,15
5922,4
5923,10
5924,27
5925,22
5926,27
5927,7
5928,17
5929,27
5930,27
5931,27
5932,1
5933,11
5934,15
5935,17
5936,7
5937,12
5938,0
5939,20
5940,27
5941,7
5942,27
5943,3
5944,26
5945,4
5946,26
5947,2
5948,10
5949,0
5950,7
5951,27
5952,4
5953,2
5954,27
5955,27
5956,27
5957,1
5958,25
5959,0
5960,27
5961,26
5962,26
5963,27
5964,27
5965,27
5966,6
5967,27
5968,7
5969,15
5970,27
5971,27
5972,2
5973,4
5974,10
5975,7
5976,6
5977,27
5978,0
5979,27
5980,15
5981,24
5982,14
5983,27
5984,27
5985,20
5986,27
5987,27
5988,27
5989,1
5990,2
5991,17
5992,0
5993,27
5994,18
5995,27
5996,1
5997,27
5998,22
5999,27
6000,26
6001,27
6002,27
6003,27
6004,20
6005,15
6006,10
6007,27
6008,4
6009,1
6010,0
6011,27
6012,26
6013,27
6014,4
6015,9
6016,26
6017,27
6018,27
6019,27
6020,27
6021,10
6022,0
6023,27
6024,15
6025,2
6026,27
6027,27
6028,27
6029,27
6030,27
6031,26
6032,4
6033,4
6034,27
6035,27
6036,15
6037,15
6038,15
6039,7
6040,27
6041,27
6042,17
6043,27
6044,27
6045,27
6046,27
6047,25
6048,27
6049,27
6050,27
6051,27
6052,27
6053,27
6054,27
6055,27
6056,3
6057,27
6058,20
6059,27
6060,0
6061,27
6062,0
6063,27
6064,1
6065,27
6066,20
6067,27
6068,0
6069,27
6070,27
6071,27
6072,27
6073,27
6074,1
6075,27
6076,27
6077,27
6078,7
6079,27
6080,27
6081,23
6082,5
6083,4
6084,27
6085,27
6086,4
6087,27
6088,1
6089,27
6090,27
6091,4
6092,27
6093,15
6094,25
6095,27
6096,6
6097,27
6098,15
6099,27
6100,27
6101,27
6102,27
6103,14
6104,4
6105,18
6106,0
6107,27
6108,27
6109,27
6110,27
6111,27
6112,27
6113,27
6114,27
6115,27
6116,27
6117,1
6118,4
6119,27
6120,20
6121,27
6122,27
6123,27
6124,25
6125,15
6126,27
6127,2
6128,27
6129,17
6130,27
6131,27
6132,5
6133,27
6134,1
6135,27
6136,4
6137,27
6138,27
6139,27
6140,27
6141,27
6142,0
6143,27
6144,27
6145,5
6146,27
6147,1
6148,2
6149,3
6150,27
6151,15
6152,0
6153,27
6154,22
6155,27
6156,10
6157,27
6158,27
6159,27
6160,4
6161,27
6162,18
6163,27
6164,14
6165,0
6166,27
6167,27
6168,1
6169,3
6170,0
6171,27
6172,7
6173,27
6174,1
6175,1
6176,27
6177,27
6178,11
6179,27
6180,5
6181,27
6182,15
6183,0
6184,22
6185,27
6186,27
6187,27
6188,27
6189,1
6190,27
6191,6
6192,25
6193,1
6194,25
6195,27
6196,27
6197,22
6198,0
6199,27
6200,27
6201,15
6202,0
6203,0
6204,27
6205,1
6206,27
6207,24
6208,27
6209,27
6210,27
6211,18
6212,27
6213,15
6214,27
6215,7
6216,27
6217,18
6218,20
6219,15
6220,27
6221,10
6222,27
6223,27
6224,27
6225,27
6226,3
6227,27
6228,3
6229,27
6230,15
6231,27
6232,14
6233,10
6234,0
6235,4
6236,27
6237,27
6238,25
6239,27
6240,27
6241,27
6242,4
6243,4
6244,7
6245,27
6246,7
6247,4
6248,27
6249,9
6250,0
6251,27
6252,22
6253,4
6254,26
6255,27
6256,6
6257,27
6258,27
6259,27
6260,27
6261,27
6262,27
6263,10
6264,27
6265,27
6266,10
6267,27
6268,4
6269,17
6270,27
6271,27
6272,27
6273,10
6274,0
6275,27
6276,24
6277,20
6278,0
6279,27
6280,27
6281,27
6282,27
6283,7
6284,20
6285,15
6286,27
6287,27
6288,27
6289,27
6290,18
6291,1
6292,25
6293,1
6294,27
6295,27
6296,27
6297,0
6298,4
6299,6
6300,20
6301,27
6302,4
6303,5
6304,20
6305,1
6306,27
6307,17
6308,27
6309,15
6310,27
6311,27
6312,27
6313,1
6314,20
6315,10
6316,27
6317,4
6318,27
6319,27
6320,9
6321,7
6322,27
6323,27
6324,27
6325,27
6326,2
6327,27
6328,27
6329,27
6330,1
6331,26
6332,1
6333,0
6334,20
6335,27
6336,27
6337,27
6338,22
6339,26
6340,27
6341,2
6342,11
6343,27
6344,18
6345,27
6346,27
6347,27
6348,15
6349,24
6350,27
6351,6
6352,15
6353,27
6354,14
6355,27
6356,27
6357,4
6358,17
6359,27
6360,27
6361,10
6362,27
6363,27
6364,7
6365,27
6366,8
6367,0
6368,27
6369,17
6370,0
6371,27
6372,27
6373,27
6374,7
6375,17
6376,27
6377,20
6378,3
6379,10
6380,27
6381,8
6382,27
6383,4
6384,3
6385,20
6386,2
6387,27
6388,1
6389,27
6390,27
6391,7
6392,27
6393,27
6394,27
6395,27
6396,27
6397,18
6398,7
6399,0
6400,27
6401,25
6402,5
6403,0
6404,27
6405,4
6406,18
6407,1
6408,3
6409,1
6410,15
6411,27
6412,10
6413,27
6414,5
6415,27
6416,27
6417,27
6418,27
6419,7
6420,27
6421,20
6422,25
6423,27
6424,27
6425,9
6426,27
6427,27
6428,27
6429,27
6430,1
6431,27
6432,27
6433,1
6434,27
6435,27
6436,27
6437,27
6438,15
6439,3
6440,27
6441,27
6442,9
6443,27
6444,27
6445,17
6446,27
6447,27
6448,27
6449,15
6450,27
6451,27
6452,27
6453,17
6454,6
6455,18
6456,15
6457,1
6458,7
6459,2
6460,27
6461,27
6462,27
6463,27
6464,15
6465,0
6466,11
6467,10
6468,27
6469,27
6470,27
6471,3
6472,27
6473,0
6474,27
6475,15
6476,27
6477,27
6478,27
6479,26
6480,15
6481,0
6482,27
6483,25
6484,6
6485,27
6486,27
6487,27
6488,4
6489,27
6490,11
6491,4
6492,27
6493,26
6494,22
6495,27
6496,27
6497,27
6498,2
6499,27
6500,1
6501,2
6502,17
6503,27
6504,27
6505,2
6506,27
6507,25
6508,6
6509,27
6510,27
6511,27
6512,27
6513,27
6514,27
6515,27
6516,27
6517,7
6518,27
6519,27
6520,27
6521,27
6522,15
6523,0
6524,22
6525,27
6526,27
6527,27
6528,27
6529,27
6530,2
6531,3
6532,27
6533,27
6534,25
6535,15
6536,27
6537,9
6538,27
6539,27
6540,25
6541,0
6542,15
6543,27
6544,27
6545,10
6546,27
6547,27
6548,27
6549,10
6550,27
6551,0
6552,27
6553,27
6554,27
6555,27
6556,0
6557,10
6558,0
6559,11
6560,27
6561,0
6562,0
6563,26
6564,27
6565,27
6566,27
6567,4
6568,25
6569,27
6570,4
6571,0
6572,17
6573,27
6574,27
6575,2
6576,27
6577,3
6578,18
6579,27
6580,27
6581,27
6582,20
6583,6
6584,27
6585,27
6586,18
6587,27
6588,0
6589,3
6590,27
6591,3
6592,25
6593,4
6594,27
6595,27
6596,27
6597,27
6598,4
6599,27
6600,2
6601,27
6602,27
6603,25
6604,9
6605,27
6606,27
6607,27
6608,11
6609,27
6610,27
6611,3
6612,27
6613,17
6614,27
6615,27
6616,27
6617,10
6618,27
6619,27
6620,27
6621,27
6622,27
6623,27
6624,25
6625,26
6626,27
6627,27
6628,0
6629,1
6630,2
6631,3
6632,24
6633,27
6634,4
6635,27
6636,27
6637,27
6638,4
6639,0
6640,27
6641,10
6642,2
6643,27
6644,18
6645,27
6646,27
6647,27
6648,27
6649,27
6650,27
6651,27
6652,0
6653,15
6654,0
6655,27
6656,1
6657,2
6658,27
6659,4
6660,27
6661,1
6662,27
6663,27
6664,27
6665,17
6666,27
6667,10
6668,0
6669,27
6670,27
6671,4
6672,27
6673,27
6674,7
6675,6
6676,27
6677,27
6678,1
6679,27
6680,14
6681,22
6682,1
6683,17
6684,15
6685,27
6686,27
6687,7
6688,27
6689,27
6690,27
6691,13
6692,0
6693,1
6694,27
6695,4
6696,27
6697,27
6698,13
6699,27
6700,0
6701,27
6702,18
6703,27
6704,6
6705,27
6706,7
6707,1
6708,27
6709,0
6710,27
6711,17
6712,1
6713,27
6714,2
6715,27
6716,0
6717,25
6718,1
6719,27
6720,0
6721,3
6722,27
6723,27
6724,27
6725,10
6726,0
6727,5
6728,27
6729,6
6730,2
6731,26
6732,27
6733,1
6734,27
6735,18
6736,27
6737,27
6738,0
6739,27
6740,27
6741,10
6742,27
6743,25
6744,27
6745,4
6746,27
6747,4
6748,27
6749,15
6750,27
6751,3
6752,1
6753,15
6754,27
6755,27
6756,27
6757,15
6758,27
6759,27
6760,27
6761,8
6762,2
6763,27
6764,6
6765,27
6766,27
6767,27
6768,1
6769,20
6770,27
6771,10
6772,4
6773,0
6774,18
6775,27
6776,15
6777,1
6778,27
6779,15
6780,25
6781,2
6782,4
6783,27
6784,1
6785,27
6786,1
6787,27
6788,27
6789,27
6790,17
6791,27
6792,4
6793,3
6794,27
6795,6
6796,27
6797,27
6798,27
6799,27
6800,27
6801,27
6802,10
6803,15
6804,6
6805,27
6806,27
6807,18
6808,1
6809,27
6810,11
6811,0
6812,27
6813,20
6814,20
6815,27
6816,27
6817,0
6818,0
6819,27
6820,4
6821,27
6822,27
6823,25
6824,2
6825,25
6826,27
6827,27
6828,27
6829,27
6830,15
6831,27
6832,27
6833,27
6834,4
6835,3
6836,27
6837,18
6838,27
6839,27
6840,27
6841,5
6842,3
6843,27
6844,4
6845,27
6846,15
6847,24
6848,27
6849,0
6850,27
6851,27
6852,27
6853,1
6854,27
6855,10
6856,27
6857,26
6858,27
6859,0
6860,7
6861,1
6862,0
6863,27
6864,25
6865,18
6866,22
6867,0
6868,27
6869,27
6870,27
6871,27
6872,27
6873,0
6874,3
6875,27
6876,7
6877,27
6878,2
6879,27
6880,27
6881,15
6882,27
6883,27
6884,0
6885,7
6886,27
6887,17
6888,27
6889,1
6890,27
6891,26
6892,10
6893,27
6894,1
6895,6
6896,18
6897,15
6898,0
6899,27
6900,27
6901,27
6902,27
6903,27
6904,27
6905,27
6906,3
6907,27
6908,27
6909,15
6910,0
6911,27
6912,27
6913,0
6914,15
6915,25
6916,27
6917,1
6918,10
6919,4
6920,27
6921,0
6922,14
6923,9
6924,27
6925,27
6926,27
6927,10
6928,27
6929,27
6930,6
6931,27
6932,27
6933,7
6934,10
6935,0
6936,27
6937,27
6938,27
6939,27
6940,27
6941,27
6942,0
6943,27
6944,27
6945,0
6946,27
6947,27
6948,27
6949,6
6950,27
6951,27
6952,27
6953,0
6954,27
6955,27
6956,18
6957,10
6958,24
6959,2
6960,7
6961,7
6962,27
6963,27
6964,24
6965,27
6966,1
6967,27
6968,27
6969,27
6970,27
6971,27
6972,4
6973,27
6974,27
6975,18
6976,20
6977,3
6978,27
6979,17
6980,15
6981,27
6982,27
6983,27
6984,27
6985,3
6986,27
6987,0
6988,27
6989,2
6990,27
6991,25
6992,15
6993,27
6994,0
6995,27
6996,27
6997,27
6998,4
6999,18
7000,27
7001,25
7002,27
7003,7
7004,27
7005,27
7006,27
7007,27
7008,25
7009,27
7010,7
7011,3
7012,0
7013,27
7014,10
7015,13
7016,27
7017,27
7018,1
7019,27
7020,27
7021,26
7022,27
7023,27
7024,3
7025,15
7026,27
7027,2
7028,27
7029,27
7030,27
7031,27
7032,0
7033,27
7034,27
7035,9
7036,27
7037,27
7038,8
7039,7
7040,27
7041,27
7042,27
7043,27
7044,27
7045,27
7046,17
7047,26
7048,17
7049,2
7050,27
7051,11
7052,7
7053,0
7054,5
7055,2
7056,27
7057,27
7058,0
7059,15
7060,10
7061,27
7062,27
7063,27
7064,24
7065,27
7066,4
7067,27
7068,27
7069,27
7070,15
7071,27
7072,27
7073,25
7074,4
7075,27
7076,7
7077,18
7078,4
7079,27
7080,27
7081,17
7082,17
7083,15
7084,27
7085,27
7086,0
7087,27
7088,27
7089,18
7090,1
7091,27
7092,27
7093,15
7094,27
7095,27
7096,25
7097,7
7098,27
7099,15
7100,10
7101,0
7102,27
7103,27
7104,27
7105,27
7106,27
7107,10
7108,15
7109,27
7110,27
7111,27
7112,15
7113,0
7114,15
7115,4
7116,27
7117,27
7118,27
7119,9
7120,27
7121,15
7122,27
7123,27
7124,27
7125,15
7126,3
7127,22
7128,27
7129,8
7130,15
7131,12
7132,6
7133,27
7134,27
7135,1
7136,3
7137,27
7138,27
7139,4
7140,27
7141,18
7142,27
7143,27
7144,2
7145,0
7146,27
7147,27
7148,8
7149,27
7150,14
7151,15
7152,27
7153,25
7154,27
7155,27
7156,27
7157,27
7158,27
7159,27
7160,27
7161,27
7162,0
7163,27
7164,1
7165,27
7166,27
7167,27
7168,18
7169,7
7170,13
7171,27
7172,27
7173,27
7174,27
7175,17
7176,27
7177,3
7178,27
7179,0
7180,27
7181,27
7182,15
7183,27
7184,13
7185,27
7186,1
7187,27
7188,27
7189,27
7190,27
7191,27
7192,6
7193,27
7194,0
7195,27
7196,27
7197,27
7198,27
7199,9
7200,27
7201,27
7202,27
7203,4
7204,27
7205,7
7206,27
7207,27
7208,4
7209,27
7210,17
7211,27
7212,15
7213,27
7214,4
7215,18
7216,27
7217,12
7218,7
7219,4
7220,0
7221,27
7222,11
7223,27
7224,4
7225,15
7226,17
7227,18
7228,6
7229,3
7230,0
7231,27
7232,27
7233,15
7234,27
7235,27
7236,15
7237,26
7238,27
7239,27
7240,20
7241,27
7242,27
7243,18
7244,3
7245,18
7246,27
7247,27
7248,4
7249,20
7250,18
7251,27
7252,5
7253,20
7254,4
7255,7
7256,27
7257,27
7258,0
7259,27
7260,4
7261,27
7262,26
7263,27
7264,3
7265,15
7266,27
7267,3
7268,27
7269,27
7270,17
7271,2
7272,27
7273,27
7274,4
7275,27
7276,27
7277,20
7278,10
7279,25
7280,25
7281,25
7282,1
7283,27
7284,15
7285,2
7286,27
7287,1
7288,27
7289,27
7290,9
7291,15
7292,1
7293,27
7294,15
7295,27
7296,15
7297,15
7298,27
7299,27
7300,18
7301,27
7302,11
7303,27
7304,27
7305,0
7306,27
7307,27
7308,27
7309,7
7310,27
7311,27
7312,7
7313,10
7314,27
7315,1
7316,17
7317,1
7318,4
7319,27
7320,27
7321,4
7322,27
7323,4
7324,27
7325,27
7326,10
7327,27
7328,3
7329,27
7330,27
7331,27
7332,4
7333,27
7334,27
7335,7
7336,1
7337,27
7338,27
7339,18
7340,15
7341,15
7342,15
7343,27
7344,13
7345,27
7346,25
7347,27
7348,27
7349,27
7350,27
7351,27
7352,27
7353,27
7354,15
7355,13
7356,27
7357,15
7358,15
7359,27
7360,3
7361,27
7362,15
7363,3
7364,27
7365,10
7366,27
7367,18
7368,2
7369,9
7370,0
7371,4
7372,27
7373,27
7374,22
7375,27
7376,27
7377,0
7378,27
7379,27
7380,0
7381,15
7382,0
7383,27
7384,1
7385,27
7386,9
7387,27
7388,27
7389,15
7390,27
7391,27
7392,18
7393,27
7394,0
7395,27
7396,27
7397,27
7398,27
7399,27
7400,27
7401,26
7402,0
7403,9
7404,24
7405,27
7406,27
7407,27
7408,10
7409,27
7410,27
7411,1
7412,26
7413,27
7414,4
7415,4
7416,10
7417,0
7418,4
7419,27
7420,15
7421,27
7422,27
7423,2
7424,0
7425,20
7426,25
7427,27
7428,27
7429,7
7430,1
7431,20
7432,27
7433,27
7434,7
7435,27
7436,27
7437,27
7438,27
7439,27
7440,3
7441,26
7442,27
7443,27
7444,27
7445,8
7446,27
7447,27
7448,27
7449,15
7450,27
7451,3
7452,27
7453,14
7454,27
7455,27
7456,4
7457,15
7458,27
7459,3
7460,27
7461,27
7462,27
7463,27
7464,14
7465,27
7466,27
7467,27
7468,27
7469,27
7470,27
7471,27
7472,7
7473,27
7474,27
7475,27
7476,12
7477,27
7478,27
7479,26
7480,27
7481,15
7482,24
7483,27
7484,27
7485,3
7486,27
7487,27
7488,27
7489,18
7490,27
7491,27
7492,27
7493,27
7494,27
7495,24
7496,27
7497,22
7498,15
7499,27
7500,27
7501,27
7502,11
7503,3
7504,27
7505,27
7506,25
7507,27
7508,27
7509,27
7510,27
7511,4
7512,27
7513,1
7514,0
7515,27
7516,27
7517,17
7518,10
7519,27
7520,27
7521,15
7522,17
7523,27
7524,15
7525,2
7526,20
7527,8
7528,27
7529,27
7530,27
7531,18
7532,27
7533,27
7534,7
7535,27
7536,18
7537,27
7538,0
7539,20
7540,3
7541,15
7542,27
7543,17
7544,4
7545,27
7546,27
7547,27
7548,27
7549,27
7550,27
7551,0
7552,3
7553,27
7554,27
7555,27
7556,15
7557,27
7558,27
7559,27
7560,27
7561,27
7562,3
7563,27
7564,4
7565,1
7566,27
7567,27
7568,0
7569,27
7570,27
7571,27
7572,27
7573,27
7574,27
7575,0
7576,10
7577,0
7578,27
7579,27
7580,27
7581,27
7582,5
7583,1
7584,24
7585,15
7586,27
7587,27
7588,27
7589,27
7590,27
7591,0
7592,15
7593,27
7594,27
7595,27
7596,24
7597,7
7598,15
7599,27
7600,15
7601,27
7602,2
7603,7
7604,27
7605,27
7606,27
7607,7
7608,0
7609,27
7610,27
7611,27
7612,15
7613,1
7614,1
7615,27
7616,4
7617,27
7618,18
7619,0
7620,27
7621,10
7622,20
7623,3
7624,27
7625,27
7626,27
7627,27
7628,9
7629,27
7630,27
7631,27
7632,27
7633,18
7634,18
7635,15
7636,1
7637,4
7638,4
7639,3
7640,27
7641,18
7642,27
7643,15
7644,18
7645,27
7646,27
7647,11
7648,2
7649,27
7650,27
7651,27
7652,27
7653,0
7654,27
7655,27
7656,26
7657,27
7658,27
7659,27
7660,27
7661,27
7662,6
7663,27
7664,27
7665,27
7666,14
7667,27
7668,26
7669,27
7670,27
7671,27
7672,27
7673,1
7674,27
7675,8
7676,25
7677,0
7678,27
7679,13
7680,18
7681,27
7682,27
7683,15
7684,27
7685,26
7686,27
7687,27
7688,27
7689,24
7690,1
7691,26
7692,6
7693,27
7694,27
7695,27
7696,2
7697,20
7698,24
7699,27
7700,4
7701,27
7702,7
7703,27
7704,4
7705,27
7706,10
7707,27
7708,27
7709,15
7710,27
7711,18
7712,10
7713,17
7714,18
7715,27
7716,27
7717,27
7718,4
7719,27
7720,27
7721,10
7722,27
7723,18
7724,7
7725,27
7726,27
7727,4
7728,1
7729,27
7730,27
7731,27
7732,27
7733,27
7734,27
7735,0
7736,27
7737,17
7738,17
7739,18
7740,27
7741,1
7742,17
7743,27
7744,27
7745,27
7746,27
7747,27
7748,27
7749,27
7750,27
7751,27
7752,25
7753,2
7754,26
7755,27
7756,12
7757,27
7758,27
7759,15
7760,1
7761,1
7762,27
7763,27
7764,9
7765,22
7766,27
7767,27
7768,7
7769,13
7770,27
7771,27
7772,27
7773,27
7774,15
7775,27
7776,15
7777,0
7778,27
7779,4
7780,15
7781,27
7782,27
7783,3
7784,27
7785,27
7786,26
7787,5
7788,27
7789,27
7790,9
7791,27
7792,27
7793,14
7794,27
7795,15
7796,27
7797,18
7798,27
7799,27
7800,0
7801,27
7802,27
7803,27
7804,18
7805,27
7806,27
7807,12
7808,27
7809,27
7810,1
7811,6
7812,27
7813,27
7814,27
7815,27
7816,3
7817,27
7818,2
7819,27
7820,27
7821,1
7822,15
7823,14
7824,27
7825,27
7826,5
7827,1
7828,4
7829,27
7830,27
7831,0
7832,27
7833,27
7834,27
7835,27
7836,1
7837,27
7838,27
7839,4
7840,0
7841,27
7842,27
7843,27
7844,18
7845,27
7846,1
7847,27
7848,27
7849,27
7850,27
7851,8
7852,27
7853,27
7854,27
7855,25
7856,15
7857,27
7858,10
7859,15
7860,14
7861,27
7862,27
7863,3
7864,1
7865,2
7866,27
7867,7
7868,25
7869,17
7870,27
7871,22
7872,15
7873,6
7874,18
7875,1
7876,27
7877,27
7878,27
7879,27
7880,10
7881,27
7882,27
7883,27
7884,15
7885,27
7886,27
7887,27
7888,25
7889,27
7890,15
7891,9
7892,7
7893,27
7894,27
7895,27
7896,27
7897,3
7898,27
7899,6
7900,27
7901,27
7902,10
7903,11
7904,10
7905,27
7906,10
7907,2
7908,0
7909,27
7910,27
7911,22
7912,27
7913,9
7914,10
7915,15
7916,4
7917,27
7918,27
7919,27
7920,27
7921,27
7922,9
7923,5
7924,9
7925,27
7926,27
7927,27
7928,27
7929,27
7930,27
7931,27
7932,27
7933,3
7934,7
7935,0
7936,27
7937,0
7938,0
